sys_idx,notch_idx,dia_idx,systolic_amp,notch_amp,diastolic_amp,systolic_time,notch_time,diastolic_time,rise_time,pulse_width,heart_rate,beat_idx,R_ratio,SpO2_est
275,410,,113.60411983496287,-78.04766986923195,,0.55,0.82,,0.2699999999999999,,52.264808362369344,0,0.01846895366231751,109.53827615844206
849,1017,,114.07987682349469,-90.19190478382804,,1.698,2.034,,0.33599999999999985,,52.264808362369344,1,-13.568929296849992,449.2232324212498
1423,1537,,115.83826104979121,-73.15338275538308,,2.846,3.074,,0.22799999999999976,,51.54639175257732,2,-2.5299982353721844,173.2499558843046
2005,2121,,98.81265483784914,-66.08871100435728,,4.01,4.242,,0.2320000000000002,,53.09734513274337,3,0.7874443996885393,90.31389000778651
2570,2686,2793.0,100.01746147592364,-59.68962936534941,-38.68854516734113,5.14,5.372,5.586,0.2320000000000002,0.4460000000000006,53.19148936170213,4,-1.0979927880576181,137.44981970144045
3134,3253,3350.0,100.55638501760818,-57.96253895162605,-41.352634330818844,6.268,6.506,6.7,0.23800000000000043,0.4320000000000004,54.94505494505494,5,3.797040560028659,15.073985999283522
3680,3795,3861.0,88.1427221919479,-48.14761979916431,-43.354010374540984,7.36,7.59,7.722,0.22999999999999954,0.3620000000000001,55.452865064695004,6,-0.12147309160878365,113.03682729021959
4221,4419,,93.71310847948828,-61.103149263755746,,8.442,8.838,,0.395999999999999,,58.13953488372093,7,-4.919907843615857,232.99769609039643
4737,4905,,101.22932598367456,-65.31970131004479,,9.474,9.81,,0.3360000000000003,,58.708414872798436,8,2.2040870981171046,54.89782254707239
5248,5492,,117.39457675730505,-62.913593536427264,,10.496,10.984,,0.48799999999999955,,53.57142857142857,9,1.9807916061380904,60.480209846547744
5808,5938,,117.66335667186024,-66.97757441753186,,11.616,11.876,,0.2599999999999998,,53.19148936170213,10,0.5728034834937411,95.67991291265648
6372,6495,,94.56647503593892,-60.32768130727127,,12.744,12.99,,0.24600000000000044,,51.45797598627787,11,2.507611780101397,47.309705497465075
6955,7071,,65.40409096575297,-45.77334271469107,,13.91,14.142,,0.23199999999999932,,51.369863013698634,12,0.3919062779277385,100.20234305180654
7539,7639,,43.49946974960636,-35.111281954160894,,15.078,15.278,,0.20000000000000107,,103.80622837370242,13,1.0990026043363486,82.52493489159129
7828,7863,,-6.215145576494955,-7.170178428757072,,15.656,15.726,,0.07000000000000028,,107.91366906474819,14,1.1475846620026284,81.31038344993429
8106,8196,,36.84369518672169,-29.2799957122476,,16.212,16.392,,0.17999999999999972,,55.762081784386616,15,0.696408402280772,92.5897899429807
8644,8734,8808.0,35.01300721532868,-26.897255367610242,-14.301034273996429,17.288,17.468,17.616,0.17999999999999972,0.3279999999999994,55.248618784530386,16,-0.2223806882447802,115.55951720611951
9187,9282,,33.16858714884243,-27.755382419876693,,18.374,18.564,,0.19000000000000128,,98.6842105263158,17,1.06340805726263,83.41479856843425
9491,9533,,-3.4194825723080142,-5.360190274987123,,18.982,19.066,,0.08399999999999963,,118.57707509881423,18,1.3103774681003248,77.24056329749189
9744,9988,10110.0,34.81726651110136,-25.15658874428359,11.597659986542304,19.488,19.976,20.22,0.48799999999999955,0.7319999999999993,53.380782918149464,19,-20.725287434283768,628.1321858570942
10306,10522,,35.540002033751335,-25.871043398883916,,20.612,21.044,,0.43200000000000216,,55.35055350553505,20,-2.173705110637867,164.34262776594667
10848,10967,11028.0,48.0294550998796,-28.077327505157353,-21.12665715189349,21.696,21.934,22.056,0.23799999999999955,0.35999999999999943,53.380782918149464,21,-1.3842556491939495,144.60639122984873
11410,11551,11823.0,39.56627454411355,-25.503261838547594,7.72580454909994,22.82,23.102,23.646,0.28200000000000003,0.8260000000000005,51.99306759098787,22,3.7849526334172743,15.376184164568144
11987,12114,,52.95716470179712,-34.915239234755965,,23.974,24.228,,0.25400000000000134,,51.54639175257732,23,2.252591448347598,53.68521379131005
12569,12694,12849.0,50.144352774517564,-26.726336890048184,-16.257142623994675,25.138,25.388,25.698,0.25,0.5599999999999987,51.90311418685121,24,0.7598919455208348,91.00270136197912
13147,13265,13320.0,46.47874945700069,-21.60882620511369,-19.399304832892263,26.294,26.53,26.64,0.23600000000000065,0.3460000000000001,52.53940455341507,25,0.6114390490784511,94.71402377303872
13718,13958,,46.782922978047274,-21.907187272562297,,27.436,27.916,,0.4800000000000004,,53.0035335689046,26,3.5938747659155217,20.153130852111957
14284,14521,,45.398789959942896,-24.769838703814127,,28.568,29.042,,0.4740000000000002,,98.03921568627452,27,0.9278795902315556,86.80301024421111
14590,14648,,-16.37184152095207,-21.490150961303744,,29.18,29.296,,0.11599999999999966,,116.27906976744185,28,0.8249744640474032,89.37563839881491
14848,15088,15263.0,53.6833524335741,-33.638572998416564,34.9280219198403,29.696,30.176,30.526,0.4799999999999969,0.8299999999999983,56.497175141242934,29,17.75309740851706,-333.8274352129265
15379,15506,15566.0,52.97074051388858,-30.565029692408476,-23.277956371738913,30.758,31.012,31.132,0.25400000000000134,0.37400000000000233,54.54545454545454,30,-6.021021038377271,260.5255259594318
15929,16096,16234.0,51.87179311444093,-38.034116269839195,-10.598141513151955,31.858,32.192,32.468,0.33399999999999963,0.610000000000003,57.36137667304015,31,1.224778191654412,79.3805452086397
16452,16649,16701.0,63.70308191812098,-30.82816616297547,-28.72810155955506,32.904,33.298,33.402,0.39399999999999835,0.49799999999999756,56.81818181818181,32,1.8326214244466361,64.1844643888341
16980,17234,,64.89898396875408,-36.936233488018416,,33.96,34.468,,0.5080000000000027,,56.39097744360902,33,1.1249434481911398,81.87641379522151
17512,17703,,81.4516686901054,-44.45000125703959,,35.024,35.406,,0.3819999999999979,,115.83011583011583,34,1.2352460633211098,79.11884841697226
17771,17827,,-24.826774266697495,-40.58523644392188,,35.542,35.654,,0.11200000000000188,,117.6470588235294,35,0.9466695804733526,86.33326048816619
18026,18191,18234.0,86.43939337437554,-44.64470380517336,-41.74659412993759,36.052,36.382,36.468,0.3299999999999983,0.4160000000000039,53.475935828877,36,1.5603686397547252,70.99078400613186
18587,18812,,76.95394863036849,-52.462441207756854,,37.174,37.624,,0.45000000000000284,,56.074766355140184,37,4.8957972209021605,-12.394930522554006
19122,19365,,81.72779391068785,-48.6838067193036,,38.244,38.73,,0.4859999999999971,,55.865921787709496,38,1.8698542548247263,63.25364362938184
19659,19937,,80.49530415875829,-42.720561388763585,,39.318,39.874,,0.5560000000000045,,54.44646098003629,39,2.7407195605300303,41.482010986749245
20210,20405,,74.65034877016797,-55.14495193786526,,40.42,40.81,,0.39000000000000057,,58.8235294117647,40,4.129510429494506,6.762239262637337
20720,20901,,66.08947245632605,-38.997494069657314,,41.44,41.802,,0.3620000000000019,,58.8235294117647,41,15.469021904505324,-276.7255476126331
21230,21434,,78.94814202844557,-43.57938885451793,,42.46,42.868,,0.40800000000000125,,61.09979633401222,42,-2.85139557905257,181.28488947631425
21721,21892,,84.1739159168465,-53.18311484139379,,43.442,43.784,,0.34199999999999875,,56.92599620493358,43,1.9076526429289253,62.308683926776865
22248,22406,22475.0,97.1997279452227,-53.45416277336362,-45.60395816649694,44.496,44.812,44.95,0.3159999999999954,0.4540000000000006,51.54639175257732,44,-0.28859846806470946,117.21496170161774
22830,23028,23072.0,73.40584679012129,-44.07987902733343,-41.667996368441344,45.66,46.056,46.144,0.3960000000000008,0.48400000000000176,51.45797598627787,45,-1.0568685354218024,136.42171338554505
23413,23631,23678.0,74.31258235362695,-39.95202890621029,-38.4675378323634,46.826,47.262,47.356,0.43599999999999994,0.5300000000000011,51.724137931034484,46,3.5003773568381007,22.490566079047483
23993,24210,,61.91068156602746,-37.4085796964549,,47.986,48.42,,0.4340000000000046,,53.85996409335726,47,0.5709658175022548,95.72585456244363
24550,24764,,68.68779657410099,-42.92461991620281,,49.1,49.528,,0.42799999999999727,,55.865921787709496,48,0.11466522755496834,107.13336931112579
25087,25327,,55.54490985646015,-34.246274434554124,,50.174,50.654,,0.480000000000004,,56.497175141242934,49,-4.767342451402479,229.18356128506198
25618,25833,,67.65805363160173,-44.77564143079207,,51.236,51.666,,0.4299999999999997,,57.80346820809248,50,5.038679877681906,-15.966996942047643
26137,26349,,69.67534592608105,-48.29605392114159,,52.274,52.698,,0.4239999999999995,,56.81818181818181,51,-1.675712123334535,151.8928030833634
26665,26922,,79.36670715175465,-56.09173628747443,,53.33,53.844,,0.5140000000000029,,54.64480874316939,52,2.325045156731783,51.873871081705424
27214,27421,,89.04011084705414,-57.059574379832306,,54.428,54.842,,0.4140000000000015,,51.81347150259068,53,0.9918779182547663,85.20305204363083
27793,27995,,85.92752758434547,-55.47344025070177,,55.586,55.99,,0.40400000000000347,,51.45797598627787,54,1.923873812747768,61.9031546813058
28376,28521,28558.0,83.24509568524265,-44.4767096800374,-43.41894768300972,56.752,57.042,57.116,0.28999999999999915,0.3639999999999972,51.45797598627787,55,3.1151533187195097,32.12116703201225
28959,29121,,68.6749730854184,-45.83028659929045,,57.918,58.242,,0.32399999999999807,,55.762081784386616,56,1.723335908369936,66.9166022907516
29497,29671,,71.44045071077484,-40.13318205384901,,58.994,59.342,,0.347999999999999,,54.84460694698354,57,1.234177249691728,79.1455687577068
30044,30237,,74.62388924158975,-46.308601038940104,,60.088,60.474,,0.3859999999999957,,55.65862708719851,58,0.9091458935097312,87.27135266225672
30583,30777,,79.13563544618016,-50.634290059628185,,61.166,61.554,,0.38800000000000523,,56.60377358490566,59,2.1105844362099964,57.23538909475009
31113,31312,,76.42650029096689,-44.83223573949787,,62.226,62.624,,0.39800000000000324,,56.28517823639775,60,0.6433580580080094,93.91604854979977
31646,31861,,70.72054841965745,-43.70619427758409,,63.292,63.722,,0.4299999999999997,,57.36137667304015,61,-0.737110639588526,128.42776598971315
32169,32356,,86.51669665623402,-54.642364600847614,,64.338,64.712,,0.37400000000000944,,54.44646098003629,62,1.451845397093008,73.7038650726748
32720,32877,32900.0,94.29969733179837,-56.918311426413254,-56.714684903559316,65.44,65.754,65.8,0.31400000000000716,0.35999999999999943,53.66726296958855,63,1.5738208337242232,70.65447915689441
33279,33441,,105.4244960188714,-55.52840407853301,,66.558,66.882,,0.32399999999999807,,49.09983633387889,64,1.3028154160407497,77.42961459898126
33890,34032,,93.96263062761838,-63.00732814931207,,67.78,68.064,,0.2839999999999918,,51.63511187607573,65,1.5410978610746147,71.47255347313464
34471,34668,,83.79719709910253,-54.720656775002674,,68.942,69.336,,0.39400000000000546,,54.74452554744525,66,1.9853388374727607,60.366529063180984
35019,35185,,95.69490167537013,-70.23243479680093,,70.038,70.37,,0.33200000000000784,,56.60377358490566,67,1.1033377633790746,82.41655591552313
35549,35698,35749.0,97.41356684020387,-54.053657533465284,-49.8316341822981,71.098,71.396,71.498,0.2980000000000018,0.4000000000000057,53.09734513274337,68,1.5599674404102308,71.00081398974423
36114,36343,,88.90752136408094,-49.60532594329596,,72.228,72.686,,0.4580000000000126,,52.91005291005291,69,-2.9721650514167606,184.30412628541902
36681,36905,,85.08586665574238,-54.49885420155164,,73.362,73.81,,0.4480000000000075,,53.85996409335726,70,3.5919449848739538,20.201375378151155
37238,37450,,99.95595322864263,-61.580215197310366,,74.476,74.9,,0.4240000000000066,,55.452865064695004,71,0.26170425407998194,103.45739364800045
37779,37972,,93.5468554490696,-61.51633535627592,,75.558,75.944,,0.3859999999999957,,56.71077504725898,72,-0.8956490271139548,132.39122567784887
38308,38464,,106.19020892382426,-66.2019124492357,,76.616,76.928,,0.3119999999999976,,55.97014925373134,73,2.614823371369848,44.629415715753794
38844,39009,,101.53095786518135,-69.59039489892359,,77.688,78.018,,0.3299999999999983,,56.71077504725898,74,1.223853741141494,79.40365647146265
39373,39602,,108.83728335794589,-57.851276078769814,,78.746,79.204,,0.4579999999999984,,55.04587155963302,75,2.108011224512212,57.299719387194706
39918,40130,,111.0345593197384,-58.608718101926975,,79.836,80.26,,0.4240000000000066,,57.14285714285714,76,0.31215551048564005,102.196112237859
40443,40691,,109.13539069752264,-62.75790085700428,,80.886,81.382,,0.4960000000000093,,56.39097744360902,77,-1.47765660402747,146.94141510068675
40975,41155,,111.83377530498099,-55.29046983471639,,81.95,82.31,,0.35999999999999943,,56.71077504725898,78,5.411935065074585,-25.298376626864638
41504,41712,,82.73829522640958,-44.01633999156865,,83.008,83.424,,0.416000000000011,,57.58157389635316,79,-10.588713065657668,374.7178266414417
42025,42250,,76.8295362955926,-47.18807276759321,,84.05,84.5,,0.45000000000000284,,58.59375,80,0.2030418418693331,104.92395395326668
42537,42747,,85.7249365888101,-54.697376592658316,,85.074,85.494,,0.4200000000000017,,56.28517823639775,81,-0.8171792479907939,130.42948119976984
43070,43248,,95.30718507866274,-57.897763546547516,,86.14,86.496,,0.35599999999999454,,53.76344086021505,82,1.6788027694489798,68.0299307637755
43628,43797,,98.42273529932956,-59.479061851788714,,87.256,87.594,,0.33799999999999386,,55.248618784530386,83,1.149120954259342,81.27197614351645
44171,44357,,92.23122310578881,-63.80272077042671,,88.342,88.714,,0.3719999999999999,,54.24954792043399,84,1.1204226261093,81.9894343472675
44724,44878,,90.6508224356007,-62.19994175377179,,89.448,89.756,,0.30800000000000693,,55.865921787709496,85,1.5008820607253919,72.47794848186521
45261,45417,,102.52039092948127,-67.17558139736136,,90.522,90.834,,0.3119999999999976,,53.85996409335726,86,0.4270699304711765,99.32325173822059
45818,45975,,96.43607662490591,-70.45408639542671,,91.636,91.95,,0.31400000000000716,,53.380782918149464,87,1.2508268790723582,78.72932802319104
46380,46535,46558.0,89.59150383972563,-59.85848016566242,-59.60255165999505,92.76,93.07,93.116,0.30999999999998806,0.35599999999999454,53.76344086021505,88,-1.5731512865798094,149.32878216449524
46938,47088,,93.05457544627959,-70.65536409916017,,93.876,94.176,,0.29999999999999716,,54.15162454873646,89,1.3775803274529843,75.56049181367538
47492,47637,,101.86804482028616,-67.23271879982697,,94.984,95.274,,0.29000000000000625,,54.24954792043399,90,0.23731133172419946,104.06721670689501
48045,48199,,103.31146665469328,-69.480268090317,,96.09,96.398,,0.3079999999999927,,55.452865064695004,91,1.4924743304482413,72.68814173879397
48586,48741,,98.14627266161627,-71.20598914020363,,97.172,97.482,,0.3100000000000023,,56.17977528089887,92,0.461439858099136,98.4640035475216
49120,49261,,95.37782220775912,-64.40090944606821,,98.24,98.522,,0.2820000000000107,,57.36137667304015,93,2.5070405368492312,47.32398657876922
49643,49842,,87.82751718881462,-55.66234990621051,,99.286,99.684,,0.39799999999999613,,59.523809523809526,94,2.1488682639328442,56.278293401678894
50147,50314,,104.38056075466297,-75.69162068203217,,100.294,100.628,,0.3340000000000032,,59.523809523809526,95,0.7283923008791509,91.79019247802123
50651,50807,,107.36562833599496,-75.68199503591408,,101.302,101.614,,0.3119999999999976,,58.93909626719057,96,1.6978216047911892,67.55445988022026
51160,51304,,116.5171335616811,-80.1930801112252,,102.32,102.608,,0.2880000000000109,,58.13953488372093,97,1.0073600775535172,84.81599806116208
51676,51849,,114.65799540777336,-68.98660888064391,,103.352,103.698,,0.3459999999999894,,52.91005291005291,98,1.438763059423654,74.03092351440864
52243,52447,,130.66272042627335,-74.3208508626617,,104.486,104.894,,0.40800000000000125,,52.35602094240838,99,2.1576819290231968,56.05795177442008
52816,53013,,129.73603007674598,-87.70328462495465,,105.632,106.026,,0.39399999999999125,,51.107325383304946,100,0.900228436602706,87.49428908493235
53403,53563,,111.29561709150785,-70.3307205958411,,106.806,107.126,,0.3200000000000074,,53.28596802841919,101,0.9435280564327696,86.41179858918076
53966,54170,,85.83958613237627,-55.97059148639448,,107.932,108.34,,0.40800000000000125,,54.74452554744525,102,4.614256292417804,-5.356407310445093
54514,54670,,95.65541242091888,-63.213360067758664,,109.028,109.34,,0.3119999999999976,,55.452865064695004,103,-2.6257040046029188,175.64260011507298
55055,55217,,94.42903070989362,-61.746909908049446,,110.11,110.434,,0.32399999999999807,,56.17977528089887,104,0.3309802708332025,101.72549322916994
55589,55763,,93.8666334196624,-61.283865851350825,,111.178,111.526,,0.347999999999999,,56.074766355140184,105,-0.4274206117183271,120.68551529295817
56124,56317,,104.22031062717944,-65.85333147238974,,112.248,112.634,,0.3859999999999957,,55.97014925373134,106,-1.5756235963914202,149.3905899097855
56660,56819,,105.26050496872082,-69.33743846491565,,113.32,113.638,,0.31800000000001205,,54.44646098003629,107,0.8817673947143089,87.95581513214228
57211,57405,,96.9216312956078,-66.31532040629526,,114.422,114.81,,0.38800000000000523,,56.074766355140184,108,-0.9061560811865528,132.6539020296638
57746,57899,,97.82262178579458,-72.07010683247788,,115.492,115.798,,0.3059999999999974,,56.71077504725898,109,-3.4823337652817945,197.05834413204485
58275,58428,,112.3640471749009,-76.94999717506408,,116.55,116.856,,0.3059999999999974,,53.956834532374096,110,0.8350954229557165,89.12261442610709
58831,58987,,116.94936271531414,-75.31691660837376,,117.662,117.974,,0.3119999999999976,,51.63511187607573,111,-0.3998274048689309,119.99568512172327
59412,59565,,106.728103810548,-67.69567332438673,,118.824,119.13,,0.3059999999999974,,50.505050505050505,112,0.8004833651907792,89.98791587023052
60006,60166,,107.09994460789017,-63.180039341895196,,120.012,120.332,,0.3199999999999932,,49.83388704318937,113,1.1315174766965768,81.71206308258559
60608,60775,,109.19816859514475,-72.35196786711778,,121.216,121.55,,0.3340000000000032,,51.369863013698634,114,1.5291205438265474,71.77198640433632
61192,61374,,106.67302834632422,-63.755687892051164,,122.384,122.748,,0.3640000000000043,,50.505050505050505,115,1.297215349569943,77.56961626075142
61786,61946,,117.6711250222549,-74.40314601608542,,123.572,123.892,,0.3199999999999932,,50.76142131979696,116,0.5768565465444132,95.57858633638966
62377,62532,,116.86886473385287,-71.2397797630518,,124.754,125.064,,0.30999999999998806,,50.08347245409015,117,1.1677627191487836,80.80593202128041
62976,63125,,122.79920480127866,-73.57817113006521,,125.952,126.25,,0.2980000000000018,,48.701298701298704,118,0.328336491621017,101.79158770947457
63592,63738,,126.09711655994843,-83.22016242629384,,127.184,127.476,,0.2920000000000016,,49.26108374384236,119,1.0337053860061922,84.1573653498452
64201,64351,,117.84958070951292,-74.5060723387151,,128.402,128.702,,0.30000000000001137,,49.01960784313726,120,0.26386432788085695,103.40339180297858
64813,64965,,130.7988504305559,-85.1169787042656,,129.626,129.93,,0.30400000000000205,,49.75124378109453,121,-1.018810747742413,135.47026869356034
65416,65564,,122.36212161701016,-81.27488280583658,,130.832,131.128,,0.29599999999999227,,51.107325383304946,122,2.724214260557641,41.89464348605897
66003,66162,,139.72296215952312,-93.50290637917689,,132.006,132.324,,0.31800000000001205,,54.05405405405405,123,1.4390497109765161,74.0237572255871
66558,66705,,130.9047889305752,-94.08547074292628,,133.116,133.41,,0.2939999999999827,,57.03422053231939,124,0.5407389422194717,96.48152644451321
67084,67221,,139.0189359144733,-92.48801943034255,,134.168,134.442,,0.2740000000000009,,55.65862708719851,125,-1.3768821598192396,144.42205399548098
67623,67774,,130.44445442280863,-80.99375734699434,,135.246,135.548,,0.3019999999999925,,52.083333333333336,126,1.5135268912176336,72.16182771955916
68199,68324,,119.9774415133273,-79.68608418653541,,136.398,136.648,,0.25,,51.724137931034484,127,1.1915935221724008,80.21016194568998
68779,68912,,111.42353531814054,-81.07136282019142,,137.558,137.824,,0.26600000000001955,,53.09734513274337,128,0.20056861742038504,104.98578456449037
69344,69470,,115.02163239003922,-77.53737897605592,,138.688,138.94,,0.25200000000000955,,54.347826086956516,129,0.9093550081534119,87.2661247961647
69896,70018,,105.16046873411852,-72.77497430041058,,139.792,140.036,,0.24399999999999977,,55.452865064695004,130,1.0335298426691646,84.16175393327089
70437,70578,,117.03801062831498,-80.52247071158519,,140.874,141.156,,0.2820000000000107,,58.027079303675045,131,1.3261475886904028,76.84631028273992
70954,71095,,114.08514763159009,-74.96364461818392,,141.908,142.19,,0.2820000000000107,,57.47126436781609,132,0.9412349374845616,86.46912656288596
71476,71632,,124.07606693707503,-87.73710934640413,,142.952,143.264,,0.3120000000000118,,56.074766355140184,133,1.148275106100539,81.29312234748653
72011,72158,,134.96985144389194,-85.85382240735856,,144.022,144.316,,0.29400000000001114,,52.72407732864675,134,0.6530455802469927,93.67386049382519
72580,72730,,145.79824864586524,-98.94433249113992,,145.16,145.46,,0.30000000000001137,,49.26108374384236,135,0.9870551050819192,85.32362237295202
73189,73331,,160.98337973797322,-123.16964465567709,,146.378,146.662,,0.28400000000002024,,49.83388704318937,136,0.726564044581705,91.83589888545737
73791,73933,,161.22333862083215,-121.78797167661476,,147.582,147.866,,0.28400000000002024,,49.01960784313726,137,1.6628055329471465,68.42986167632134
74403,74541,,152.22015298018837,-127.2953277981043,,148.806,149.082,,0.27599999999998204,,51.90311418685121,138,-0.9634262013014727,134.0856550325368
74981,75123,,171.20384727039004,-135.23928874523466,,149.962,150.246,,0.28400000000002024,,51.81347150259068,139,0.2922380163249198,102.694049591877
75560,75702,,186.15172939763923,-147.60555376815506,,151.12,151.404,,0.2839999999999918,,51.63511187607573,140,1.622972725993342,69.42568185016646
76141,76279,,167.87169028916716,-132.04965556326235,,152.282,152.558,,0.27599999999998204,,51.724137931034484,141,0.6940435851977144,92.64891037005714
76721,76864,,168.79064554329926,-120.88259628704516,,153.442,153.728,,0.28600000000000136,,51.724137931034484,142,1.258768696930591,78.53078257673522
77301,77450,,168.12082248766956,-128.22347435468242,,154.602,154.9,,0.2980000000000018,,49.75124378109453,143,0.7355183530352202,91.6120411741195
77904,78041,,157.12187581062128,-120.66338463312628,,155.808,156.082,,0.2740000000000009,,48.46526655896607,144,0.6835956435221492,92.91010891194627
78523,78662,,154.73252402705953,-122.78434872539339,,157.046,157.324,,0.27800000000002,,47.61904761904762,145,0.9849093426561141,85.37726643359716
79153,79293,,151.78777863313408,-129.16858888130614,,158.306,158.586,,0.28000000000000114,,48.54368932038835,146,1.2375366667265328,79.06158333183669
79771,79904,,138.32501842178624,-111.59774887130435,,159.542,159.808,,0.26599999999999113,,49.3421052631579,147,0.892625516490284,87.6843620877429
80379,80527,,150.26953801743053,-119.02556058695005,,160.758,161.054,,0.29599999999999227,,50.847457627118644,148,1.495328456969767,72.61678857575583
80969,81108,,143.21992611066852,-114.33992952795779,,161.938,162.216,,0.27800000000002,,51.02040816326531,149,1.5637797513798948,70.90550621550264
81557,81701,,154.2530121041409,-117.08334318819855,,163.114,163.402,,0.2879999999999825,,51.02040816326531,150,-0.18039603192396442,114.50990079809911
82145,82296,,145.33296048056712,-109.7816286420653,,164.29,164.592,,0.3020000000000209,,52.91005291005291,151,0.6763205089009793,93.09198727747551
82712,82855,,144.83260791137707,-98.45072910201786,,165.424,165.71,,0.28600000000000136,,52.81690140845071,152,0.3952524412752935,100.11868896811767
83280,83406,83435.0,133.53556350799937,-87.14238167824367,-85.95505972333488,166.56,166.812,166.87,0.25200000000000955,0.3100000000000023,54.15162454873646,153,0.7345273477257641,91.6368163068559
83834,83972,,143.50246909734204,-103.2655384083373,,167.668,167.944,,0.27599999999998204,,54.94505494505494,154,-0.6116267550892348,125.29066887723087
84380,84530,,161.0991845055041,-108.24508019548198,,168.76,169.06,,0.30000000000001137,,53.66726296958855,155,1.1373748891305935,81.56562777173517
84939,85092,,167.97435688750903,-123.45243502054673,,169.878,170.184,,0.3060000000000116,,52.264808362369344,156,0.396115435368083,100.09711411579792
85513,85664,,166.76938525135776,-116.97040935164482,,171.026,171.328,,0.3019999999999925,,50.08347245409015,157,1.1313278319533073,81.71680420116732
86112,86252,,163.14674755074293,-124.59741075221415,,172.224,172.504,,0.28000000000000114,,50.67567567567568,158,0.2536175277966321,103.6595618050842
86704,86823,86872.0,142.46460105843445,-97.50495482973272,-91.29703823640259,173.408,173.646,173.744,0.23799999999999955,0.33600000000001273,52.35602094240838,159,0.6345582092740976,94.13604476814756
87277,87421,,172.95902241513465,-131.9015293573108,,174.554,174.842,,0.2880000000000109,,52.53940455341507,160,-0.4125464967807339,120.31366241951835
87848,87987,,173.91925714703288,-131.52034489289156,,175.696,175.974,,0.2779999999999916,,53.0035335689046,161,1.3883240417599996,75.29189895600001
88414,88557,,157.2508837291275,-117.96177032728735,,176.828,177.114,,0.28600000000000136,,53.85996409335726,162,0.981928750641441,85.45178123396397
88971,89102,,139.20473840598802,-102.14601477772776,,177.942,178.204,,0.26200000000000045,,55.762081784386616,163,1.4470995208749085,73.8225119781273
89509,89660,,153.05371765598767,-116.74624518420399,,179.018,179.32,,0.3019999999999925,,55.65862708719851,164,0.911217437673387,87.21956405816533
90048,90203,,170.20193117966835,-136.2140636842961,,180.096,180.406,,0.3100000000000023,,54.05405405405405,165,0.8687998776550239,88.2800030586244
90603,90753,,163.32778820714623,-122.60889652443136,,181.206,181.506,,0.30000000000001137,,52.35602094240838,166,-0.5368922301763763,123.42230575440941
91176,91323,,168.737612749689,-135.44998942153694,,182.352,182.646,,0.2939999999999827,,49.01960784313726,167,1.274680727192655,78.13298182018363
91788,91932,,157.7098656837329,-131.7444010248212,,183.576,183.864,,0.2880000000000109,,49.26108374384236,168,8.978188342737855,-114.45470856844639
92397,92528,,138.94380746005893,-114.60241492952947,,184.794,185.056,,0.26200000000000045,,50.847457627118644,169,-2140.6392876352324,53625.98219088081
92987,93128,,148.15438027594405,-119.61570689561519,,185.974,186.256,,0.2820000000000107,,53.19148936170213,170,0.761676743741466,90.95808140646335
93551,93702,,161.29702096545276,-117.81507727797774,,187.102,187.404,,0.3019999999999925,,51.81347150259068,171,-0.747848765887509,128.69621914718772
94130,94279,,164.36194846419858,-115.97838780858186,,188.26,188.558,,0.2980000000000018,,52.173913043478265,172,1.990839350223758,60.22901624440605
94705,94856,,165.47775170314463,-114.93381796066687,,189.41,189.712,,0.3019999999999925,,52.447552447552454,173,4.329622306380304,1.7594423404923987
95277,95424,,166.2619374652038,-112.0071594163079,,190.554,190.848,,0.29400000000001114,,53.09734513274337,174,1.4136181480366723,74.65954629908319
95842,95975,,153.7412284263837,-106.55510781291783,,191.684,191.95,,0.26599999999999113,,54.15162454873646,175,0.4904270384906132,97.73932403773468
96396,96543,,170.44239410495007,-121.74402422781628,,192.792,193.086,,0.29400000000001114,,53.19148936170213,176,1.1873098939492892,80.31725265126776
96960,97103,,173.5934791240965,-130.32700643659155,,193.92,194.206,,0.28600000000000136,,54.44646098003629,177,0.20101872190175527,104.97453195245612
97511,97653,,181.04598904171607,-130.4491148751592,,195.022,195.306,,0.28400000000002024,,54.347826086956516,178,0.5982664689428805,95.04333827642799
98063,98203,,172.06661236198383,-143.72813302971855,,196.126,196.406,,0.28000000000000114,,55.248618784530386,179,-7.43613794786511,295.9034486966277
98606,98740,,181.08369529757562,-145.57450368789645,,197.212,197.48,,0.2680000000000007,,53.76344086021505,180,2.090664122964955,57.73339692587613
99164,99290,,158.87653600067617,-121.92693762695623,,198.328,198.58,,0.25200000000000955,,52.81690140845071,181,0.8636888709716601,88.4077782257085
99732,99883,,155.7975696708976,-106.41097836832128,,199.464,199.766,,0.3019999999999925,,51.724137931034484,182,0.8933614004446545,87.66596498888364
100312,100446,,131.89812629398241,-81.39809486639693,,200.624,200.892,,0.2680000000000007,,52.631578947368425,183,2.8835288098404774,37.91177975398807
100882,101033,,142.4243045302013,-89.90927304363636,,201.764,202.066,,0.3019999999999925,,51.90311418685121,184,1.0954107618406563,82.6147309539836
101460,101619,,156.56031385391415,-106.9227093397143,,202.92,203.238,,0.31800000000001205,,50.93378607809847,185,0.6178081244135268,94.55479688966183
102049,102195,,151.45025314357443,-118.14899143865371,,204.098,204.39,,0.29199999999997317,,50.67567567567568,186,3.3644938297288416,25.88765425677896
102641,102770,,136.6446788060817,-101.58648148044381,,205.282,205.54,,0.25799999999998136,,51.90311418685121,187,1.6360522316264545,69.09869420933865
103219,103369,,146.53129215147945,-117.81147368340064,,206.438,206.738,,0.30000000000001137,,52.81690140845071,188,-14.532990011652876,473.3247502913219
103787,103935,,161.51580213388132,-124.81960055960181,,207.574,207.87,,0.29599999999999227,,51.369863013698634,189,0.6022818978025773,94.94295255493557
104371,104519,,150.13895816219525,-101.273780561742,,208.742,209.038,,0.2960000000000207,,51.107325383304946,190,1.0524925148310393,83.68768712922402
104958,105097,,138.91155608796282,-82.32987411919547,,209.916,210.194,,0.2779999999999916,,50.420168067226896,191,0.695477820230974,92.61305449422565
105553,105696,,147.86485053647934,-83.24886688641271,,211.106,211.392,,0.28600000000000136,,47.39336492890995,192,0.8650177484520142,88.37455628869964
106186,106338,,150.39567132606876,-91.79446018315745,,212.372,212.676,,0.3039999999999736,,46.875,193,-0.6103830348217975,125.25957587054494
106826,106967,,141.8675279917076,-95.87263807367647,,213.652,213.934,,0.2820000000000107,,47.24409448818898,194,0.9040361597168769,87.39909600707807
107461,107592,,125.02297264784015,-82.42389884129608,,214.922,215.184,,0.26200000000000045,,48.8599348534202,195,0.7037215990374768,92.40696002406308
108075,108185,108248.0,113.0569378095639,-72.37169881223294,-56.56032642159323,216.15,216.37,216.496,0.21999999999999886,0.34600000000000364,50.420168067226896,196,1.2967177519407103,77.58205620148225
108670,108806,,130.17247986577533,-81.23852046438377,,217.34,217.612,,0.27199999999999136,,50.76142131979696,197,0.7339588030659578,91.65102992335105
109261,109405,,145.0160508301629,-91.34629310312762,,218.522,218.81,,0.2880000000000109,,49.75124378109453,198,1.4673795624393182,73.31551093901705
109864,110007,,150.69096193706028,-102.45036705920894,,219.728,220.014,,0.28600000000000136,,48.939641109298535,199,0.29621772041532374,102.5945569896169
110477,110615,,139.6367106613346,-102.6009149282185,,220.954,221.23,,0.27599999999998204,,48.939641109298535,200,-0.09672402941206722,112.41810073530168
111090,111215,,132.15935878689083,-93.11331608472196,,222.18,222.43,,0.25,,49.83388704318937,201,-0.39714444168253826,119.92861104206345
111692,111825,,138.0168683692965,-93.10497175787616,,223.384,223.65,,0.26600000000001955,,50.67567567567568,202,0.9363499856351235,86.59125035912191
112284,112426,,145.46368274136597,-100.79956393191588,,224.568,224.852,,0.2839999999999918,,51.282051282051285,203,0.09864918602407936,107.53377034939801
112869,113007,,143.48153675026816,-103.42192609660263,,225.738,226.014,,0.27600000000001046,,53.66726296958855,204,1.2029397654325933,79.92650586418517
113428,113559,,135.8705697376476,-92.8553790776563,,226.856,227.118,,0.26200000000000045,,53.85996409335726,205,-3.977744557225034,209.44361393062587
113985,114124,,144.78116736384868,-96.7313498438249,,227.97,228.248,,0.2779999999999916,,52.447552447552454,206,1.4604545950033228,73.48863512491693
114557,114708,,156.13045594888894,-97.76078583831529,,229.114,229.416,,0.3019999999999925,,48.46526655896607,207,0.828883335509159,89.27791661227103
115176,115328,,164.32354362591065,-109.50873614925838,,230.352,230.656,,0.30400000000000205,,47.543581616481774,208,1.019761779177395,84.50595552056512
115807,115950,,150.63203889044644,-115.8884822234426,,231.614,231.9,,0.28600000000000136,,49.18032786885246,209,0.5353792812844547,96.61551796788864
116417,116539,,131.50852167094538,-91.69686215613844,,232.834,233.078,,0.24399999999999977,,50.16722408026756,210,1.0492846357627759,83.7678841059306
117015,117151,,138.87312337482916,-92.98906228535425,,234.03,234.302,,0.27199999999999136,,49.3421052631579,211,0.7516854508643545,91.20786372839115
117623,117756,,147.68844671787934,-100.75524296500298,,235.246,235.512,,0.26599999999999113,,49.66887417218543,212,1.4029957466727303,74.92510633318174
118227,118363,,142.82606362097005,-101.17838146219611,,236.454,236.726,,0.27199999999999136,,52.083333333333336,213,6.9042564257415595,-62.60641064353899
118803,118936,,148.22790076911022,-101.67167836855707,,237.606,237.872,,0.26600000000001955,,52.81690140845071,214,-0.27238731903610713,116.80968297590267
119371,119518,,147.19048110531725,-121.55860446993759,,238.742,239.036,,0.29400000000001114,,55.35055350553505,215,0.9592117469398653,86.01970632650337
119913,120061,,148.65719831309687,-111.17348233163095,,239.826,240.122,,0.2960000000000207,,54.24954792043399,216,1.2708369154070591,78.22907711482353
120466,120605,,124.08734616817124,-79.87233193525336,,240.932,241.21,,0.27800000000002,,53.28596802841919,217,0.39964879757151894,100.00878006071203
121029,121170,,141.24174339265244,-81.38539165430271,,242.058,242.34,,0.2820000000000107,,51.90311418685121,218,1.1096700645044772,82.25824838738806
121607,121736,121794.0,132.34502913225504,-81.15594070186276,-74.3245364532074,243.214,243.472,243.588,0.2580000000000098,0.3739999999999952,53.09734513274337,219,-1.2297326150500103,140.74331537625025
122172,122309,,134.37814006769497,-83.49668746493973,,244.344,244.618,,0.2740000000000009,,52.53940455341507,220,0.7954846296045839,90.1128842598854
122743,122884,,138.80247778437035,-96.41593724995614,,245.486,245.768,,0.2820000000000107,,53.19148936170213,221,0.5308110251441166,96.72972437139708
123307,123440,,137.8224632681918,-90.63581154873154,,246.614,246.88,,0.26599999999999113,,54.64480874316939,222,1.2125054377356446,79.68736405660889
123856,124000,,142.70438941722315,-97.05223738726434,,247.712,248.0,,0.2880000000000109,,55.55555555555555,223,0.9707158640077188,85.73210339980703
124396,124536,,164.3547724028474,-114.46320020837496,,248.792,249.072,,0.28000000000000114,,55.452865064695004,224,0.797221586671707,90.06946033320733
124937,125065,,161.02317907822837,-87.70334196593613,,249.874,250.13,,0.2560000000000002,,48.38709677419355,225,0.6231114815462262,94.42221296134434
125557,125679,,115.88483469593199,-70.61440910421142,,251.114,251.358,,0.24399999999999977,,49.75124378109453,226,0.8776083693251937,88.05979076687015
126160,126268,,71.75139049002466,-45.13611195192282,,252.32,252.536,,0.21600000000000819,,50.16722408026756,227,0.8770431057463419,88.07392235634146
126758,126851,126968.0,47.26592204774437,-36.337979545132555,-13.180559390402605,253.516,253.702,253.936,0.18600000000000705,0.4200000000000159,90.36144578313252,228,1.0452202452475674,83.86949386881082
127090,127126,,-2.4692830107558823,-3.9851843193930008,,254.18,254.252,,0.07200000000000273,,114.94252873563218,229,1.3121931119058194,77.19517220235451
127351,127443,127586.0,37.22760755797147,-29.935285586042497,-10.566504808935152,254.702,254.886,255.172,0.1839999999999975,0.46999999999999886,52.631578947368425,230,5.2567249983546045,-21.41812495886512
127921,128006,128080.0,35.61341758238652,-29.347036236088865,-12.077830881087538,255.842,256.012,256.16,0.1699999999999875,0.31800000000001205,53.57142857142857,231,4.0126128771598655,9.684678071003361
128481,128578,128688.0,39.89126768793403,-29.197287410481596,-13.596057848262559,256.962,257.156,257.376,0.19400000000001683,0.41399999999998727,54.05405405405405,232,0.48120475923972783,97.9698810190068
129036,129133,129207.0,41.541075265183125,-20.64516329184371,-14.730351656191274,258.072,258.266,258.414,0.19400000000001683,0.34199999999998454,52.631578947368425,233,2.684143228751647,42.89641928120882
129606,129822,,49.787529965294794,-24.873420320436928,,259.212,259.644,,0.43200000000001637,,52.35602094240838,234,-0.12926302048120308,113.23157551203008
130179,130304,130333.0,50.71257060129195,-25.420030621919885,-25.034138411087266,260.358,260.608,260.666,0.25,0.3079999999999927,51.02040816326531,235,0.23255601591553005,104.18609960211175
130767,130921,,50.78793926676354,-26.19511380396627,,261.534,261.842,,0.3079999999999927,,50.420168067226896,236,35.31236682493448,-772.809170623362
131362,131482,,51.74378910130356,-27.69895595562016,,262.724,262.964,,0.2400000000000091,,51.02040816326531,237,0.16189969837910873,105.95250754052228
131950,132059,132110.0,52.10705249023227,-27.571754489084835,-25.18208724483971,263.9,264.118,264.22,0.21800000000001774,0.32000000000005,53.57142857142857,238,0.5109421195381869,97.22644701154533
132510,132627,,55.26658377669526,-31.460401821463186,,265.02,265.254,,0.2340000000000373,,55.248618784530386,239,0.941581227732109,86.46046930669728
133053,133152,133209.0,50.20190497808024,-29.97101597058721,-18.8750172644311,266.106,266.304,266.418,0.19799999999997908,0.3120000000000118,57.69230769230769,240,1.217052096879556,79.57369757801109
133573,133766,,64.28839762174157,-41.26638790222798,,267.146,267.532,,0.38599999999996726,,60.36217303822938,241,1.9187571773941254,62.03107056514686
134070,134299,,73.1434800381615,-44.48614380835769,,268.14,268.598,,0.45800000000002683,,59.171597633136095,242,5.565480978400637,-29.137024460015937
134577,134786,,73.52748274453717,-42.27482651128975,,269.154,269.572,,0.41800000000000637,,60.120240480961925,243,1.3408146106952539,76.47963473261865
135076,135182,135233.0,64.97080842232438,-32.329828898169225,-24.900251684015178,270.152,270.364,270.466,0.21199999999998909,0.3140000000000214,59.523809523809526,244,1.153030343636287,81.17424140909283
135580,135692,135739.0,65.09727824541444,-34.76077047324426,-30.588389774556237,271.16,271.384,271.478,0.22399999999998954,0.31799999999998363,60.483870967741936,245,-5.746526128662326,253.66315321655816
136076,136282,,62.684334671352396,-36.01325887960143,,272.152,272.564,,0.41200000000003456,,61.7283950617284,246,0.6454997541096881,93.86250614725779
136562,136681,,68.61984414215377,-45.0993043085488,,273.124,273.362,,0.23799999999999955,,62.5,247,0.47380885850592713,98.15477853735182
137042,137264,,89.82449271790864,-54.11902672309009,,274.084,274.528,,0.4440000000000168,,59.40594059405941,248,1.494988102100502,72.62529744748744
137547,137753,,104.78770181576729,-64.38954163700711,,275.094,275.506,,0.4119999999999777,,58.47953216374269,249,6.843959142744048,-61.09897856860118
138060,138228,,104.5824529012851,-63.185899300476514,,276.12,276.456,,0.33600000000001273,,55.65862708719851,250,-0.09722761936996276,112.43069048424907
138599,138782,,99.4746209013874,-56.80765868602972,,277.198,277.564,,0.3660000000000423,,53.66726296958855,251,0.9087907971022947,87.28023007244263
139158,139352,,93.53190626115531,-55.61166746119125,,278.316,278.704,,0.38800000000003365,,53.28596802841919,252,0.8630118913127802,88.4247027171805
139721,139900,,104.30772136117373,-67.16316318939455,,279.442,279.8,,0.3580000000000041,,51.81347150259068,253,-0.36560412721534286,119.14010318038358
140300,140496,,99.27585011007218,-61.78431332573473,,280.6,280.992,,0.3919999999999959,,52.083333333333336,254,-3.216594921046221,190.41487302615553
140876,141054,,101.9224326574974,-68.03980778058991,,281.752,282.108,,0.35599999999999454,,53.0035335689046,255,-3.338156721420418,193.45391803551047
141442,141595,,105.56341543980666,-71.07423379375992,,282.884,283.19,,0.3059999999999832,,55.55555555555555,256,0.8226386942654782,89.43403264336305
141982,142140,,103.9735526678461,-72.01415458786472,,283.964,284.28,,0.3159999999999741,,55.452865064695004,257,0.5314406507758503,96.71398373060374
142523,142686,,107.0782160956324,-79.56699414703331,,285.046,285.372,,0.32600000000002183,,59.7609561752988,258,1.1904241115927658,80.23939721018085
143025,143159,,109.3076338340801,-62.739960061100696,,286.05,286.318,,0.26799999999997226,,60.851926977687626,259,-0.9098621713996903,132.74655428499227
143518,143711,,83.47665196050183,-51.91954617550906,,287.036,287.422,,0.3860000000000241,,63.29113924050633,260,0.9221308021611758,86.9467299459706
143992,144209,,49.02052254398434,-32.482920991641286,,287.984,288.418,,0.4340000000000259,,66.07929515418502,261,1.7214498212579048,66.96375446855238
144446,144558,144622.0,66.35324716328836,-46.32347262727504,-30.819561454776295,288.892,289.116,289.244,0.22399999999998954,0.3520000000000323,69.93006993006993,262,0.9116628832890702,87.20842791777325
144875,145043,,74.37393888811602,-54.90918088864243,,289.75,290.086,,0.33600000000001273,,68.4931506849315,263,-0.45061039509424095,121.26525987735602
145313,145444,,74.67854428816517,-42.77640902067176,,290.626,290.888,,0.26200000000000045,,68.96551724137932,264,1.7369903282868289,66.57524179282927
145748,145846,145909.0,63.35087763477276,-38.969646674700975,-26.150860093460672,291.496,291.692,291.818,0.19600000000002638,0.32200000000000273,67.72009029345372,265,2.145194599168249,56.37013502079378
146191,146303,,68.66870038391095,-41.355071279737984,,292.382,292.606,,0.22399999999998954,,62.5,266,-0.1718729508605998,114.296823771515
146671,146887,,76.5717085473411,-35.78316485268573,,293.342,293.774,,0.43200000000001637,,51.45797598627787,267,0.9613299128252697,85.96675217936826
147254,147474,,77.98751599072811,-33.830572754707134,,294.508,294.948,,0.4399999999999977,,49.01960784313726,268,1.1231657597950284,81.92085600512429
147866,148006,,76.45829561048411,-43.55589762765627,,295.732,296.012,,0.2799999999999727,,50.420168067226896,269,0.8076376843556293,89.80905789110926
148461,148690,,65.15250959147355,-31.568617452068928,,296.922,297.38,,0.45799999999997,,51.107325383304946,270,-0.9470659888194615,133.67664972048652
149048,149259,,61.28870919694025,-28.659276747744237,,298.096,298.518,,0.4219999999999686,,53.85996409335726,271,-0.4446603756976969,121.11650939244242
149605,149742,149815.0,70.06387070950458,-35.48390440851277,-31.583205854554883,299.21,299.484,299.63,0.2740000000000009,0.4200000000000159,53.85996409335726,272,1.2938090648379215,77.65477337905196
150162,150368,,83.8548279742154,-43.297311427797766,,300.324,300.736,,0.4119999999999777,,55.04587155963302,273,1.352923116773954,76.17692208065115
150707,150878,,90.25560958537005,-56.04694771742348,,301.414,301.756,,0.34199999999998454,,54.24954792043399,274,-0.648923884790509,126.22309711976273
151260,151481,,88.1929609422194,-51.22330637234896,,302.52,302.962,,0.4420000000000073,,53.85996409335726,275,1.2676369051539218,78.30907737115196
151817,152020,,92.89433516208663,-59.32890018493748,,303.634,304.04,,0.4060000000000059,,55.04587155963302,276,0.5153399595201419,97.11650101199645
152362,152569,,93.28385461184698,-56.74896755936822,,304.724,305.138,,0.41399999999998727,,56.497175141242934,277,-0.7047709529664058,127.61927382416015
152893,153039,153073.0,105.42473158545835,-62.28741191657146,-61.10709323544401,305.786,306.078,306.146,0.29199999999997317,0.36000000000001364,54.84460694698354,278,-0.5264634163243621,123.16158540810905
153440,153651,,105.08860447195187,-60.494243650758754,,306.88,307.302,,0.42200000000002547,,51.81347150259068,279,1.2874300355730388,77.81424911067403
154019,154160,154198.0,96.73793920680427,-52.52398438795327,-51.60877096735836,308.038,308.32,308.396,0.28199999999998226,0.3580000000000041,50.67567567567568,280,1.6837497126104428,67.90625718473893
154611,154819,,99.37445080035891,-62.59162570776131,,309.222,309.638,,0.4159999999999968,,52.083333333333336,281,12.667589574047444,-206.68973935118612
155187,155341,155394.0,104.44903225014092,-59.785840128305594,-56.04577731981288,310.374,310.682,310.788,0.3079999999999927,0.41399999999998727,51.63511187607573,282,-0.2661852452558697,116.65463113139674
155768,155975,,106.13375881865292,-61.19127196376191,,311.536,311.95,,0.41399999999998727,,54.15162454873646,283,1.7971341501714284,65.07164624571429
156322,156499,,104.63550934836168,-62.75835261855116,,312.644,312.998,,0.353999999999985,,56.60377358490566,284,1.1333069148429278,81.66732712892681
156852,157060,,91.5859087196281,-55.91252606763624,,313.704,314.12,,0.4159999999999968,,57.03422053231939,285,0.871418476316954,88.21453809207615
157378,157583,,103.39430475842114,-69.8690553163788,,314.756,315.166,,0.410000000000025,,58.47953216374269,286,0.32283994336246424,101.92900141593839
157891,158047,,123.05584893102048,-76.32337614555732,,315.782,316.094,,0.3120000000000118,,56.497175141242934,287,2.1182831187707123,57.04292203073219
158422,158570,,122.94992311362405,-70.81836538744307,,316.844,317.14,,0.29599999999999227,,55.452865064695004,288,0.5197426095551836,97.0064347611204
158963,159177,,113.10219999223865,-65.32063478517358,,317.926,318.354,,0.42799999999999727,,59.05511811023622,289,0.8878106956928742,87.80473260767815
159471,159753,,96.60646631057318,-36.312332458513595,,318.942,319.506,,0.5639999999999645,,52.631578947368425,290,1.2716383747999092,78.20904063000228
160041,160273,,82.23350111094865,-33.484938142620244,,320.082,320.546,,0.46399999999999864,,49.91680532445923,291,0.16894540699158822,105.7763648252103
160642,160749,,67.26277872162582,-33.05194291816097,,321.284,321.498,,0.21399999999999864,,50.0,292,0.21735041858781753,104.56623953530456
161242,161454,,61.05150906654726,-27.795208651783554,,322.484,322.908,,0.424000000000035,,52.264808362369344,293,-1.0313510466772393,135.78377616693098
161816,162017,,63.50912813643594,-32.22255198516497,,323.632,324.034,,0.4019999999999868,,53.475935828877,294,2.096971465059529,57.575713373511775
162377,162577,,67.89025322316263,-36.01971365504677,,324.754,325.154,,0.39999999999997726,,54.347826086956516,295,-2.715861205077377,177.8965301269344
162929,163039,163084.0,69.7985795553119,-31.88444811756693,-27.17647691441188,325.858,326.078,326.168,0.21999999999997044,0.3100000000000023,56.39097744360902,296,-3.447001941466568,196.1750485366642
163461,163689,,65.50403093293195,-36.519173916048594,,326.922,327.378,,0.45599999999996044,,58.36575875486381,297,1.8635471007616067,63.41132248095983
163975,164210,,71.76273508702225,-47.57891998788029,,327.95,328.42,,0.4700000000000273,,59.40594059405941,298,0.6087326365594947,94.78168408601263
164480,164698,,93.14148538001432,-61.48288219288037,,328.96,329.396,,0.43600000000003547,,57.69230769230769,299,0.9222552894701117,86.9436177632472
165000,165161,,106.88094354630502,-64.60676343707398,,330.0,330.322,,0.32200000000000273,,56.28517823639775,300,0.7432960242732949,91.41759939316762
165533,165719,,104.2114197161976,-65.2748540594966,,331.066,331.438,,0.3720000000000141,,55.04587155963302,301,0.7210676939375676,91.97330765156082
166078,166266,,101.34351434047748,-56.30301025496813,,332.156,332.532,,0.37599999999997635,,51.90311418685121,302,4.736204479482374,-8.405111987059342
166656,166862,,107.8349157356714,-62.56011412257213,,333.312,333.724,,0.4119999999999777,,51.02040816326531,303,1.7510451088888188,66.22387227777952
167244,167428,,105.6688399532412,-57.55492523256764,,334.488,334.856,,0.367999999999995,,49.91680532445923,304,0.36931799292552375,100.7670501768619
167845,168040,,104.23448938178866,-58.851516568698734,,335.69,336.08,,0.38999999999998636,,50.0,305,0.8948827905230011,87.62793023692497
168445,168660,,96.16563291055894,-51.45082637366823,,336.89,337.32,,0.4300000000000068,,50.847457627118644,306,1.0068538270365404,84.82865432408649
169035,169242,,82.73273099517912,-40.29133396112248,,338.07,338.484,,0.41399999999998727,,51.81347150259068,307,1.5845605228219153,70.38598692945212
169614,169798,,78.30504952023676,-38.53456966549168,,339.228,339.596,,0.367999999999995,,52.72407732864675,308,-0.138892499613371,113.47231249033428
170183,170433,,73.3224469093664,-39.368641518957034,,340.366,340.866,,0.5,,54.84460694698354,309,1.4857196238849113,72.85700940287722
170730,170899,,76.01288888905582,-46.49431758588902,,341.46,341.798,,0.3380000000000223,,57.69230769230769,310,11.188456823701825,-169.7114205925456
171250,171392,,76.00242804308098,-51.639710780451644,,342.5,342.784,,0.2839999999999918,,58.252427184466015,311,-1.7368088801050816,153.42022200262704
171765,171900,171973.0,83.77101334075188,-49.107139679184286,-44.815684699791476,343.53,343.8,343.946,0.27000000000003865,0.41600000000005366,58.8235294117647,312,1.1282701323655053,81.79324669086236
172275,172475,,88.9844855166084,-47.40230222038413,,344.55,344.95,,0.39999999999997726,,56.60377358490566,313,-0.5466603692299515,123.66650923074879
172805,172948,172987.0,82.43322042264963,-42.31906812060614,-41.07494205085348,345.61,345.896,345.974,0.28600000000000136,0.3639999999999759,54.74452554744525,314,0.7988067421075009,90.02983144731247
173353,173486,173535.0,73.95857972761584,-40.144712036732194,-36.65031927815453,346.706,346.972,347.07,0.2659999999999627,0.3639999999999759,53.380782918149464,315,-4.621313836773066,225.53284591932663
173915,174139,,67.18864727252162,-34.362811220781126,,347.83,348.278,,0.4480000000000359,,53.66726296958855,316,0.49239029675365054,97.69024258115874
174474,174709,,78.67033646818011,-39.53439745797969,,348.948,349.418,,0.4700000000000273,,53.85996409335726,317,1.600402148131825,69.98994629670437
175031,175165,175222.0,80.36548878962341,-38.84704242585894,-33.55569809026325,350.062,350.33,350.444,0.26799999999997226,0.382000000000005,53.57142857142857,318,0.36030102578622997,100.99247435534426
175591,175841,,66.93637637655233,-35.611333768533534,,351.182,351.682,,0.5,,54.44646098003629,319,1.7578977137951026,66.05255715512243
176142,176371,,66.313633176285,-30.08048671038226,,352.284,352.742,,0.45800000000002683,,109.09090909090908,320,1.0089832569141037,84.7754185771474
176417,176449,,-28.026120955775475,-28.683595463745554,,352.834,352.898,,0.06400000000002137,,98.6842105263158,321,1.079035507518562,83.02411231203595
176721,176993,,64.7051305871231,-38.32757056584371,,353.442,353.986,,0.5439999999999827,,51.369863013698634,322,1.2464057140092568,78.83985714976858
177305,177481,177543.0,72.45276448981225,-38.05475523759556,-34.83084641281066,354.61,354.962,355.086,0.35199999999997544,0.4759999999999991,52.631578947368425,323,1.7405309424323454,66.48672643919136
177875,178106,,78.29148831289574,-51.14984247010413,,355.75,356.212,,0.4619999999999891,,53.57142857142857,324,1.689890062242534,67.75274844393665
178435,178656,,79.85913500388793,-43.22749457407175,,356.87,357.312,,0.4420000000000073,,53.85996409335726,325,1.249912318171041,78.75219204572397
178992,179223,,69.24059878513192,-33.12581583884418,,357.984,358.446,,0.46200000000004593,,51.81347150259068,326,16.85930935154498,-311.4827337886245
179571,179812,,60.10526582398219,-28.908279293513935,,359.142,359.624,,0.48200000000002774,,52.72407732864675,327,2.3998223680575252,50.004440798561866
180140,180362,,49.57382153486792,-22.985972059093196,,360.28,360.724,,0.4440000000000168,,111.52416356877323,328,0.9337147535434444,86.65713116141389
180409,180450,,-20.006649024099534,-22.03313257085241,,360.818,360.9,,0.08199999999999363,,102.04081632653062,329,0.9047444625637618,87.38138843590596
180703,180922,,51.149540968984546,-22.437292378317586,,361.406,361.844,,0.4379999999999882,,54.84460694698354,330,-19.705548959382583,602.6387239845645
181250,181480,,51.61467207869803,-27.484040502129652,,362.5,362.96,,0.45999999999997954,,54.347826086956516,331,0.7494063340717664,91.26484164820585
181802,182017,,62.610858926357295,-37.12879497262286,,363.604,364.034,,0.4300000000000068,,55.762081784386616,332,-1.7067312241584487,152.66828060396122
182340,182567,,66.97500134749963,-43.3356236483128,,364.68,365.134,,0.45400000000000773,,56.60377358490566,333,1.65082449628326,68.7293875929185
182870,183076,,73.63201799032655,-43.87551979630998,,365.74,366.152,,0.4119999999999777,,54.05405405405405,334,0.6968934863314268,92.57766284171433
183425,183646,,79.66879339275391,-39.932665183020006,,366.85,367.292,,0.44199999999995043,,53.380782918149464,335,1.8540588407903016,63.64852898024246
183987,184159,,75.21788731272223,-38.74393801048377,,367.974,368.318,,0.3439999999999941,,54.54545454545454,336,2.2351947835602872,54.12013041099282
184537,184665,184733.0,60.24369564389802,-30.888550071663484,-27.31025685884584,369.074,369.33,369.466,0.2559999999999718,0.3919999999999959,55.65862708719851,337,0.7174704030967043,92.0632399225824
185076,185205,185265.0,61.30962480931098,-32.8858984589424,-27.109187481769037,370.152,370.41,370.53,0.2580000000000382,0.3779999999999859,55.762081784386616,338,2.417321438974401,49.566964025639976
185614,185754,185810.0,64.10884537479147,-30.343087072887695,-26.562878621725883,371.228,371.508,371.62,0.2799999999999727,0.3919999999999959,55.35055350553505,339,-0.09283458098064022,112.32086452451601
186156,186305,,62.86928489495901,-29.691291799235373,,372.312,372.61,,0.2980000000000018,,55.762081784386616,340,3.159995157511737,31.000121062206574
186694,186918,,59.59493271019518,-29.701378680856127,,373.388,373.836,,0.4480000000000359,,56.28517823639775,341,0.33990656547559606,101.5023358631101
187227,187448,,59.03757635172534,-31.655250226323375,,374.454,374.896,,0.4420000000000073,,57.915057915057915,342,0.4669790997428335,98.32552250642917
187745,187972,,65.98198415510252,-37.21257488824824,,375.49,375.944,,0.45400000000000773,,56.92599620493358,343,0.9024894148973139,87.43776462756715
188272,188512,,75.46860643620612,-45.92367986412682,,376.544,377.024,,0.4800000000000182,,57.25190839694656,344,-1.1520840167316064,138.80210041829017
188796,189024,,87.26750200826002,-50.057170197505826,,377.592,378.048,,0.4560000000000173,,56.497175141242934,345,-0.6427003045991648,126.06750761497912
189327,189551,,87.06909285473799,-47.462835110697455,,378.654,379.102,,0.4479999999999791,,53.66726296958855,346,2.896626420302915,37.58433949242712
189886,190134,,84.75871373201099,-45.96413835743224,,379.772,380.268,,0.4959999999999809,,54.54545454545454,347,1.5503106917576113,71.24223270605972
190436,190663,,82.54493349205808,-49.52128850259441,,380.872,381.326,,0.45400000000000773,,54.15162454873646,348,1.1933285397387419,80.16678650653145
190990,191200,,88.36074255331279,-56.805053838163516,,381.98,382.4,,0.4199999999999591,,55.865921787709496,349,-159.09802564136362,4087.4506410340905
191527,191692,,95.40244345643666,-58.1690010727046,,383.054,383.384,,0.3300000000000409,,60.72874493927126,350,1.2665862459420076,78.3353438514498
192021,192231,,73.67234295179396,-43.7071920849092,,384.042,384.462,,0.4200000000000159,,64.23982869379014,351,0.2613536134597309,103.46615966350673
192488,192661,,62.70547136539013,-31.8887988718865,,384.976,385.322,,0.34600000000000364,,66.81514476614699,352,1.293468403907016,77.6632899023246
192937,193118,,47.08397693816857,-23.19892424172604,,385.874,386.236,,0.36199999999996635,,66.3716814159292,353,19.701174868666723,-382.52937171666804
193389,193476,193529.0,35.44283309337268,-16.95851687621641,-9.659847124004164,386.778,386.952,387.058,0.17399999999997817,0.2799999999999727,69.60556844547564,354,1.103653383747767,82.40866540630583
193820,193900,193982.0,17.01816041711094,-23.275312204086063,-1.4413473745977663,387.64,387.8,387.964,0.160000000000025,0.3240000000000123,74.25742574257426,355,0.909049914867508,87.2737521283123
194224,194317,,25.268918571487387,-30.93518074732759,,388.448,388.634,,0.18600000000003547,,72.99270072992701,356,0.15330519673582757,106.1673700816043
194635,194734,194804.0,33.96976329063461,-26.51906999873532,-15.36081955582828,389.27,389.468,389.608,0.19800000000003593,0.3380000000000223,69.76744186046511,357,-2.3961967904023123,169.9049197600578
195065,195266,,38.05781329604341,-24.344784219821555,,390.13,390.532,,0.4019999999999868,,64.1025641025641,358,-0.10659731360182513,112.66493284004562
195533,195641,195726.0,45.4048897362429,-28.277910770055115,-19.715300680311255,391.066,391.282,391.452,0.21600000000000819,0.3860000000000241,58.252427184466015,359,13.605942494670625,-230.14856236676565
196048,196266,,54.96977731072646,-25.46962942966342,,392.096,392.532,,0.4359999999999786,,53.380782918149464,360,-1.8719420565456915,156.7985514136423
196610,196729,196794.0,52.34818542202565,-28.07953247999816,-18.034759256522307,393.22,393.458,393.588,0.23799999999999955,0.367999999999995,54.15162454873646,361,-2.944066231488437,183.60165578721092
197164,197350,197414.0,47.14727188329677,-25.697939980970986,-20.16935135752154,394.328,394.7,394.828,0.3720000000000141,0.5,55.04587155963302,362,0.45823799752922617,98.54405006176934
197709,197853,197889.0,58.727889679358746,-34.925432649134684,-33.514364647195436,395.418,395.706,395.778,0.2880000000000109,0.36000000000001364,56.17977528089887,363,-7.8065831389332665,305.16457847333163
198243,198456,,60.37826052764787,-29.835175529362278,,396.486,396.912,,0.4259999999999877,,55.147058823529406,364,1.3350253426668082,76.6243664333298
198787,199010,,58.59483875688487,-30.136846364631733,,397.574,398.02,,0.44599999999996953,,54.64480874316939,365,0.9335625490691535,86.66093627327116
199336,199472,199515.0,67.31157424963664,-30.127065968207294,-27.834352526476067,398.672,398.944,399.03,0.27199999999999136,0.35799999999994725,51.724137931034484,366,0.6692260537221463,93.26934865694633
199916,200045,200096.0,70.88044267674721,-36.774244638035086,-30.898280659609256,399.832,400.09,400.192,0.25799999999998136,0.36000000000001364,51.63511187607573,367,-2.79075493050653,179.76887326266325
200497,200693,,68.5180519799133,-39.443866457554414,,400.994,401.386,,0.3919999999999959,,53.19148936170213,368,0.140086562557031,106.49783593607422
201061,201268,,76.95633538814401,-44.13759370015418,,402.122,402.536,,0.41399999999998727,,53.85996409335726,369,3.0259418604157537,34.35145348960616
201618,201831,,87.49220828899627,-47.25520499105913,,403.236,403.662,,0.4259999999999877,,51.282051282051285,370,108.16317817573729,-2594.079454393432
202203,202424,,90.79878910224149,-51.82483029929822,,404.406,404.848,,0.4420000000000073,,51.81347150259068,371,-8.398145167070545,319.9536291767636
202782,203017,,93.88280863811947,-47.84143362528644,,405.564,406.034,,0.46999999999997044,,49.75124378109453,372,1.2693964867330216,78.26508783167446
203385,203603,,88.72033006959617,-50.83420162907769,,406.77,407.206,,0.43600000000003547,,51.107325383304946,373,1.9133516823194276,62.16620794201431
203972,204169,,86.01162085895827,-47.63913381558815,,407.944,408.338,,0.39400000000000546,,112.35955056179775,374,0.9770619625083278,85.57345093729181
204239,204278,,-40.47379404900589,-42.71261554464998,,408.478,408.556,,0.07799999999997453,,94.33962264150944,375,0.9542512753247656,86.14371811688086
204557,204773,,93.60282696674363,-54.794985441441135,,409.114,409.546,,0.43200000000001637,,51.90311418685121,376,-2.5415231358194217,173.53807839548554
205135,205374,,86.8581952743533,-49.9828249919784,,410.27,410.748,,0.47800000000000864,,53.0035335689046,377,-6.074182810233445,261.85457025583617
205701,205896,,100.03893830147187,-57.58229678562041,,411.402,411.792,,0.38999999999998636,,51.81347150259068,378,3.0798381647120263,33.004045882199335
206280,206494,,101.42270100199154,-59.38304693810437,,412.56,412.988,,0.42799999999999727,,51.02040816326531,379,0.1621033346165336,105.94741663458666
206868,207022,,98.3014140674949,-60.00103860305183,,413.736,414.044,,0.3079999999999927,,50.93378607809847,380,1.983950290307975,60.401242742300624
207457,207594,,101.35234625393123,-62.264680749060346,,414.914,415.188,,0.2740000000000009,,51.81347150259068,381,1.4393050408124937,74.01737397968766
208036,208160,208271.0,93.72145280697423,-53.68365592835747,-34.08690162968532,416.072,416.32,416.542,0.24799999999999045,0.46999999999997044,52.264808362369344,382,14.797384827406157,-259.9346206851539
208610,208755,,112.75097257108922,-65.83102373784138,,417.22,417.51,,0.2899999999999636,,52.447552447552454,383,1.4144903347990125,74.63774163002469
209182,209325,,103.27289503300581,-61.44525042585399,,418.364,418.65,,0.28600000000000136,,53.09734513274337,384,0.1067572748578897,107.33106812855276
209747,209878,,105.78550572600707,-65.7982483274273,,419.494,419.756,,0.2619999999999436,,53.956834532374096,385,1.6199438130902415,69.50140467274396
210303,210469,,116.81755533269553,-77.14147340954688,,420.606,420.938,,0.33199999999999363,,52.72407732864675,386,0.5561789576957771,96.09552605760557
210872,211023,,127.59179626680194,-80.23482026789415,,421.744,422.046,,0.3019999999999641,,50.420168067226896,387,1.7055419535651675,67.36145116087081
211467,211596,,117.9058601488522,-74.57041520869642,,422.934,423.192,,0.25799999999998136,,51.63511187607573,388,1.8218595288564476,64.45351177858882
212048,212193,,122.56246700017809,-77.57846092686304,,424.096,424.386,,0.29000000000002046,,51.107325383304946,389,0.7026413974392686,92.43396506401828
212635,212760,212804.0,107.40269394887079,-71.29755507615364,-68.40645053510109,425.27,425.52,425.608,0.25,0.3380000000000223,53.28596802841919,390,-2.1209916111995084,163.0247902799877
213198,213332,,122.19994082804175,-76.7274280016131,,426.396,426.664,,0.26799999999997226,,53.380782918149464,391,0.9280225248664704,86.79943687833824
213760,213898,,141.2216560676419,-94.96593803833622,,427.52,427.796,,0.27600000000001046,,52.53940455341507,392,0.8356266570658363,89.10933357335409
214331,214474,,137.59958070711485,-102.05948932985983,,428.662,428.948,,0.28600000000000136,,52.53940455341507,393,1.1250737370054593,81.87315657486351
214902,215048,,154.06379555632125,-100.57579336350773,,429.804,430.096,,0.29200000000003,,49.18032786885246,394,0.8161700316837404,89.5957492079065
215512,215656,,148.50780306573978,-109.64597873603228,,431.024,431.312,,0.2880000000000109,,48.46526655896607,395,0.7182627405148853,92.04343148712786
216131,216262,,140.3014771418474,-101.1101010416594,,432.262,432.524,,0.26200000000000045,,49.83388704318937,396,1.0789959249399235,83.0251018765019
216733,216864,,146.05520702983426,-99.28489014402922,,433.466,433.728,,0.26200000000000045,,49.91680532445923,397,1.0756803269174995,83.1079918270625
217334,217461,,145.2964823192131,-102.08402518453191,,434.668,434.922,,0.2540000000000191,,51.81347150259068,398,1.3376728375871085,76.55817906032229
217913,218035,,128.80202515016614,-92.51379603630642,,435.826,436.07,,0.24399999999997135,,53.66726296958855,399,-3.859212269266775,206.48030673166937
218472,218599,,148.32089121268626,-107.34268702929988,,436.944,437.198,,0.25399999999996226,,52.35602094240838,400,0.7308359126224228,91.72910218443943
219045,219167,,133.5560094435208,-97.7231898560216,,438.09,438.334,,0.2440000000000282,,54.44646098003629,401,1.1154984452435783,82.11253886891055
219596,219738,,148.75157752970236,-102.4480315036273,,439.192,439.476,,0.2839999999999918,,51.99306759098787,402,-0.2238592206009948,115.59648051502487
220173,220311,,138.77018823252234,-99.34807640944052,,440.346,440.622,,0.27600000000001046,,53.28596802841919,403,-0.04260141765597981,111.0650354413995
220736,220873,,139.24246325274282,-101.42741991070871,,441.472,441.746,,0.2740000000000009,,53.475935828877,404,1.480479031087652,72.98802422280869
221297,221423,,127.17685160040651,-84.1857829540554,,442.594,442.846,,0.25200000000000955,,53.475935828877,405,-3.062827221543674,186.57068053859183
221858,221974,,137.2366762385221,-89.97294594106215,,443.716,443.948,,0.2319999999999709,,55.865921787709496,406,5.626241069673818,-30.656026741845466
222395,222526,,136.26417776246714,-87.94189906851348,,444.79,445.052,,0.26200000000000045,,54.24954792043399,407,3.9991759603818924,10.020600990452692
222948,223102,,151.30887566007647,-93.00396428492874,,445.896,446.204,,0.3079999999999927,,51.369863013698634,408,0.8944536507253094,87.63865873186727
223532,223675,,148.9346517425826,-96.49528948684492,,447.064,447.35,,0.28600000000000136,,51.45797598627787,409,1.259213301917344,78.5196674520664
224115,224267,,148.8719243864544,-95.14101056259331,,448.23,448.534,,0.3039999999999736,,50.847457627118644,410,-0.1438960804640713,113.59740201160179
224705,224832,,131.52697443999398,-84.0348269758972,,449.41,449.664,,0.25399999999996226,,51.369863013698634,411,3.29249659944541,27.687585013864748
225289,225434,,142.85316196960846,-100.7005259142821,,450.578,450.868,,0.29000000000002046,,51.02040816326531,412,2.7421521576241465,41.44619605939634
225877,226022,,124.79905537791831,-87.53303467576002,,451.754,452.044,,0.2899999999999636,,52.264808362369344,413,1.221298213700977,79.46754465747557
226451,226592,,158.39992653945964,-106.51331697891428,,452.902,453.184,,0.2820000000000391,,51.45797598627787,414,0.9405668130195897,86.48582967451026
227034,227173,,158.99594710041242,-103.56680350018432,,454.068,454.346,,0.27800000000002,,50.420168067226896,415,0.25153550436046,103.7116123909885
227629,227755,,142.7215196108382,-91.17806512917196,,455.258,455.51,,0.25200000000000955,,51.90311418685121,416,0.9861233963492932,85.34691509126768
228207,228316,228365.0,120.83519232122161,-74.28829237124378,-64.55291283429685,456.414,456.632,456.73,0.21800000000001774,0.3160000000000309,53.57142857142857,417,2.5510719489047804,46.22320127738049
228767,228907,,141.68824117503985,-95.28473564145429,,457.534,457.814,,0.28000000000002956,,54.64480874316939,418,9.183814927787388,-119.5953731946847
229316,229476,,147.6782933063618,-101.45247444371122,,458.632,458.952,,0.3199999999999932,,54.347826086956516,419,0.8182448852863607,89.54387786784098
229868,229996,,148.2650022174703,-110.69646177289025,,459.736,459.992,,0.25600000000002865,,55.65862708719851,420,1.5971457899830588,70.07135525042352
230407,230530,,131.50799047366326,-94.29157676789964,,460.814,461.06,,0.2459999999999809,,55.65862708719851,421,1.239995901834842,79.00010245412895
230946,231088,,155.284714462882,-111.93769198162545,,461.892,462.176,,0.2839999999999918,,55.35055350553505,422,1.1688249758009455,80.77937560497637
231488,231632,,167.19017072619846,-122.37823851448157,,462.976,463.264,,0.2880000000000109,,51.54639175257732,423,2.278785337400732,53.030366564981705
232070,232200,,148.78225104384163,-111.36184544178339,,464.14,464.4,,0.2599999999999909,,50.847457627118644,424,1.653849354725079,68.65376613187303
232660,232798,,156.44100999508626,-121.73464720009497,,465.32,465.596,,0.27600000000001046,,51.54639175257732,425,-0.9595115966010367,133.98778991502593
233242,233380,,156.7691369913292,-127.87280014384982,,466.484,466.76,,0.27600000000001046,,51.107325383304946,426,2.6531052785653655,43.67236803586586
233829,233951,,137.88409811952647,-113.41218921746561,,467.658,467.902,,0.24399999999997135,,52.35602094240838,427,0.5938212686636084,95.15446828340978
234402,234511,,123.3334706803108,-85.98944679470891,,468.804,469.022,,0.21800000000001774,,54.84460694698354,428,0.9523829824040771,86.19042543989806
234949,235068,,136.33445119028147,-93.21108954734646,,469.898,470.136,,0.23799999999999955,,55.97014925373134,429,-11.446882386749772,396.1720596687443
235485,235607,,142.07406347569943,-95.9072535259399,,470.97,471.214,,0.24399999999997135,,56.71077504725898,430,-1.393405119396604,144.8351279849151
236014,236141,,144.67984628915826,-99.37924453049301,,472.028,472.282,,0.25399999999996226,,57.36137667304015,431,0.02732265027412614,109.31693374314685
236537,236672,,156.8548508744339,-108.57045182530328,,473.074,473.344,,0.2699999999999818,,55.55555555555555,432,0.8984114961685058,87.53971259578735
237077,237212,,164.2689495455742,-122.63346951802612,,474.154,474.424,,0.2699999999999818,,54.347826086956516,433,0.5534131539591097,96.16467115102226
237629,237759,,153.8464566784712,-124.98803986287949,,475.258,475.518,,0.2599999999999909,,53.76344086021505,434,2.609188700620169,44.77028248449578
238187,238310,,154.387764080466,-112.24126222537168,,476.374,476.62,,0.2459999999999809,,52.91005291005291,435,1.8590546722365084,63.52363319408729
238754,238892,,165.0483226758831,-126.894020014995,,477.508,477.784,,0.27600000000001046,,52.173913043478265,436,1.588166755733482,70.29583110666294
239329,239464,,157.35388205152267,-112.82440594019356,,478.658,478.928,,0.2699999999999818,,52.631578947368425,437,0.9717262060345199,85.706844849137
239899,240040,,145.68077442854465,-99.16732953933963,,479.798,480.08,,0.28199999999998226,,51.81347150259068,438,0.3962782479109997,100.09304380222501
240478,240604,,141.48316680331652,-83.02934900261846,,480.956,481.208,,0.25200000000000955,,49.91680532445923,439,0.9369823354563489,86.57544161359128
241079,241218,,151.6338825480341,-98.22010397124343,,482.158,482.436,,0.27799999999996317,,49.26108374384236,440,1.2210854930986317,79.4728626725342
241688,241809,,133.98408053799574,-83.52504669461416,,483.376,483.618,,0.24200000000001864,,50.16722408026756,441,1.1047228973850924,82.38192756537269
242286,242420,,139.9146920695338,-85.33022379613314,,484.572,484.84,,0.26799999999997226,,50.505050505050505,442,0.4919259265366106,97.70185183658474
242880,243027,,149.46014069892172,-100.15333765820677,,485.76,486.054,,0.2939999999999827,,51.45797598627787,443,0.672370172166829,93.19074569582928
243463,243596,,145.97392154053804,-93.42997484715845,,486.926,487.192,,0.26600000000001955,,52.447552447552454,444,0.4462755540268944,98.84311114932764
244035,244175,,165.0466918847436,-103.65766081327449,,488.07,488.35,,0.28000000000002956,,50.16722408026756,445,0.8705520749463513,88.23619812634121
244633,244775,,174.06495119751384,-124.85465800219852,,489.266,489.55,,0.2839999999999918,,50.93378607809847,446,0.4307940314325323,99.2301492141867
245222,245362,,164.59377060956632,-116.40465904101534,,490.444,490.724,,0.2799999999999727,,51.02040816326531,447,1.2376988398465198,79.057529003837
245810,245953,,187.49231743557917,-131.6259108430907,,491.62,491.906,,0.28600000000000136,,48.939641109298535,448,1.0290834963611801,84.27291259097049
246423,246559,,183.18307003576206,-133.31415138447588,,492.846,493.118,,0.27199999999999136,,49.91680532445923,449,1.5255532206505158,71.86116948373711
247024,247152,,169.29304257174806,-117.07205562192705,,494.048,494.304,,0.2559999999999718,,51.107325383304946,450,0.9763319445862241,85.5917013853444
247611,247739,,171.62089631692638,-126.55946894907682,,495.222,495.478,,0.25600000000002865,,83.56545961002786,451,0.9395801232162408,86.51049691959398
